{"cameraMode":{"drawMode":0,"name":"Shaded","section":"Shading Mode"},"sceneLighting":false,"audioPlay":false,"sceneViewState":{"m_AlwaysRefresh":false,"showFog":true,"showSkybox":false,"showFlares":true,"showImageEffects":true,"showParticleSystems":true,"showVisualEffectGraphs":true,"m_FxEnabled":true},"in2DMode":false,"pivot":{"x":533.3892822265625,"y":-1.7306101322174073,"z":478.95501708984377},"rotation":{"x":0.20799264311790467,"y":-0.19682884216308595,"z":0.04146694391965866,"w":0.9576796293258667},"size":1.9788588285446168,"orthographic":false}