{"cameraMode":{"drawMode":0,"name":"Shaded","section":"Shading Mode"},"sceneLighting":true,"audioPlay":false,"sceneViewState":{"m_AlwaysRefresh":false,"showFog":true,"showSkybox":true,"showFlares":true,"showImageEffects":true,"showParticleSystems":true,"showVisualEffectGraphs":true,"m_FxEnabled":false},"in2DMode":false,"pivot":{"x":493.4732666015625,"y":28.872486114501954,"z":484.7030029296875},"rotation":{"x":0.1310649961233139,"y":0.8355401158332825,"z":-0.48270371556282046,"w":0.22958965599536897},"size":0.9202709794044495,"orthographic":false}